Participant Name,Participant Email,Class Name,Receiving Cert,Date_af_date,Facilitator Name,eCert Link,LoC Link
Dr. Bingo W.H. Naymo,drbingowhnaymo@gmail.com,101,FALSE,"August 24, 2025",-----,,
Reese Wilson,reese.wilson2@example.com,101,FALSE,"August 24, 2025",-----,,
Logan Young,logan.young3@example.com,101,FALSE,"August 24, 2025",-----,,
Sage Wilson,sage.wilson4@example.com,101,FALSE,"August 24, 2025",-----,,
Morgan Taylor,morgan.taylor5@example.com,101,FALSE,"August 24, 2025",-----,,
Jamie Johnson,jamie.johnson6@example.com,101,FALSE,"August 24, 2025",-----,,
Sage Patel,sage.patel7@example.com,101,FALSE,"August 24, 2025",-----,,
Rowan Nguyen,rowan.nguyen8@example.com,101,FALSE,"August 24, 2025",-----,,
Skyler Walker,skyler.walker9@example.com,101,FALSE,"August 24, 2025",-----,,
Avery Allen,avery.allen10@example.com,101,FALSE,"August 24, 2025",-----,,
Hayden Anderson,hayden.anderson11@example.com,101,FALSE,"August 24, 2025",-----,,
Sage King,sage.king12@example.com,101,FALSE,"August 24, 2025",-----,,
Remy Lopez,remy.lopez13@example.com,101,FALSE,"August 24, 2025",-----,,
Sage Garcia,sage.garcia14@example.com,101,FALSE,"August 24, 2025",-----,,
Avery Wright,avery.wright15@example.com,101,FALSE,"August 24, 2025",-----,,
Kendall Moore,kendall.moore16@example.com,101,FALSE,"August 24, 2025",-----,,
Jamie Kim,jamie.kim17@example.com,101,FALSE,"August 24, 2025",-----,,
Blake Anderson,blake.anderson18@example.com,101,FALSE,"August 24, 2025",-----,,
Sam Davis,sam.davis19@example.com,101,FALSE,"August 24, 2025",-----,,
Sawyer Scott,sawyer.scott20@example.com,101,FALSE,"August 24, 2025",-----,,
Blake Moore,blake.moore21@example.com,101,FALSE,"August 24, 2025",-----,,
Alex Thomas,alex.thomas22@example.com,101,FALSE,"August 24, 2025",-----,,
Jordan Taylor,jordan.taylor23@example.com,101,FALSE,"August 24, 2025",-----,,
Casey Young,casey.young24@example.com,101,FALSE,"August 24, 2025",-----,,
Drew Davis,drew.davis25@example.com,101,FALSE,"August 24, 2025",-----,,
Alex Harris,alex.harris26@example.com,101,FALSE,"August 24, 2025",-----,,
Parker Allen,parker.allen27@example.com,101,FALSE,"August 24, 2025",-----,,
Reese Smith,reese.smith28@example.com,101,FALSE,"August 24, 2025",-----,,
Parker Smith,parker.smith29@example.com,101,FALSE,"August 24, 2025",-----,,